{
  "runId": "run-2025-12-05T07-37-16-356Z",
  "timestamps": {
    "generatedAt": "2025-12-05T07:37:32.224Z"
  },
  "outputDir": "artifacts/pixelgen/run-2025-12-05T06-55-06-402Z/iteration-02/desktop/run-2025-12-05T07-37-16-356Z",
  "base": {
    "url": "https://shop.kilrr.com/",
    "label": "base",
    "screenshot": "base.png",
    "timing": {
      "loadTimeMs": 2736.100000023842,
      "domContentLoadedMs": 510.8000000715256,
      "responseEndMs": 413.5,
      "raw": {
        "name": "https://shop.kilrr.com/",
        "entryType": "navigation",
        "startTime": 0,
        "duration": 2736.100000023842,
        "initiatorType": "navigation",
        "deliveryType": "",
        "nextHopProtocol": "http/1.1",
        "renderBlockingStatus": "non-blocking",
        "workerStart": 0,
        "workerRouterEvaluationStart": 0,
        "workerCacheLookupStart": 0,
        "workerMatchedSourceType": "",
        "workerFinalSourceType": "",
        "redirectStart": 0,
        "redirectEnd": 0,
        "fetchStart": 0.10000002384185791,
        "domainLookupStart": 0.7000000476837158,
        "domainLookupEnd": 1.8000000715255737,
        "connectStart": 1.8000000715255737,
        "secureConnectionStart": 42.300000071525574,
        "connectEnd": 95.39999997615814,
        "requestStart": 95.39999997615814,
        "responseStart": 380.8000000715256,
        "firstInterimResponseStart": 0,
        "finalResponseHeadersStart": 380.8000000715256,
        "responseEnd": 413.5,
        "transferSize": 56659,
        "encodedBodySize": 56359,
        "decodedBodySize": 471791,
        "responseStatus": 200,
        "serverTiming": [],
        "unloadEventStart": 0,
        "unloadEventEnd": 0,
        "domInteractive": 510.7000000476837,
        "domContentLoadedEventStart": 510.7000000476837,
        "domContentLoadedEventEnd": 510.8000000715256,
        "domComplete": 2734.399999976158,
        "loadEventStart": 2736.100000023842,
        "loadEventEnd": 2736.100000023842,
        "type": "navigate",
        "redirectCount": 0,
        "activationStart": 0,
        "criticalCHRestart": 0,
        "notRestoredReasons": null
      }
    }
  },
  "target": {
    "url": "http://localhost:3000/artifacts/pixelgen/run-2025-12-05T06-55-06-402Z/iteration-02/site/index.html",
    "label": "target",
    "screenshot": "target.png",
    "timing": {
      "loadTimeMs": 445,
      "domContentLoadedMs": 445,
      "responseEndMs": 1.2999999523162842,
      "raw": {
        "name": "http://localhost:3000/artifacts/pixelgen/run-2025-12-05T06-55-06-402Z/iteration-02/site/index.html",
        "entryType": "navigation",
        "startTime": 0,
        "duration": 445,
        "initiatorType": "navigation",
        "deliveryType": "",
        "nextHopProtocol": "http/1.1",
        "renderBlockingStatus": "non-blocking",
        "workerStart": 0,
        "workerRouterEvaluationStart": 0,
        "workerCacheLookupStart": 0,
        "workerMatchedSourceType": "",
        "workerFinalSourceType": "",
        "redirectStart": 0,
        "redirectEnd": 0,
        "fetchStart": 0,
        "domainLookupStart": 0.2999999523162842,
        "domainLookupEnd": 0.2999999523162842,
        "connectStart": 0.2999999523162842,
        "secureConnectionStart": 0,
        "connectEnd": 0.5,
        "requestStart": 0.5,
        "responseStart": 1.1999999284744263,
        "firstInterimResponseStart": 0,
        "finalResponseHeadersStart": 1.1999999284744263,
        "responseEnd": 1.2999999523162842,
        "transferSize": 21893,
        "encodedBodySize": 21593,
        "decodedBodySize": 21593,
        "responseStatus": 200,
        "serverTiming": [],
        "unloadEventStart": 0,
        "unloadEventEnd": 0,
        "domInteractive": 185.5,
        "domContentLoadedEventStart": 444.89999997615814,
        "domContentLoadedEventEnd": 445,
        "domComplete": 445,
        "loadEventStart": 445,
        "loadEventEnd": 445,
        "type": "navigate",
        "redirectCount": 0,
        "activationStart": 0,
        "criticalCHRestart": 0,
        "notRestoredReasons": null
      }
    }
  },
  "diff": {
    "diffPixels": 2722810,
    "totalPixels": 7955200,
    "similarity": 0.6577320494770715,
    "diffImage": "diff.png"
  },
  "styleDiff": {
    "differences": []
  }
}