{
  "runId": "run-2025-12-05T07-28-35-939Z",
  "timestamps": {
    "generatedAt": "2025-12-05T07:28:51.802Z"
  },
  "outputDir": "artifacts/pixelgen/run-2025-12-05T06-55-06-402Z/iteration-01/desktop/run-2025-12-05T07-28-35-939Z",
  "base": {
    "url": "https://shop.kilrr.com/",
    "label": "base",
    "screenshot": "base.png",
    "timing": {
      "loadTimeMs": 861.7000000476837,
      "domContentLoadedMs": 530.6000000238419,
      "responseEndMs": 437.5,
      "raw": {
        "name": "https://shop.kilrr.com/",
        "entryType": "navigation",
        "startTime": 0,
        "duration": 861.7000000476837,
        "initiatorType": "navigation",
        "deliveryType": "",
        "nextHopProtocol": "http/1.1",
        "renderBlockingStatus": "non-blocking",
        "workerStart": 0,
        "workerRouterEvaluationStart": 0,
        "workerCacheLookupStart": 0,
        "workerMatchedSourceType": "",
        "workerFinalSourceType": "",
        "redirectStart": 0,
        "redirectEnd": 0,
        "fetchStart": 0,
        "domainLookupStart": 0.7000000476837158,
        "domainLookupEnd": 1.600000023841858,
        "connectStart": 1.600000023841858,
        "secureConnectionStart": 40.10000002384186,
        "connectEnd": 89.5,
        "requestStart": 89.60000002384186,
        "responseStart": 398.89999997615814,
        "firstInterimResponseStart": 0,
        "finalResponseHeadersStart": 398.89999997615814,
        "responseEnd": 437.5,
        "transferSize": 56584,
        "encodedBodySize": 56284,
        "decodedBodySize": 471829,
        "responseStatus": 200,
        "serverTiming": [],
        "unloadEventStart": 0,
        "unloadEventEnd": 0,
        "domInteractive": 530.5,
        "domContentLoadedEventStart": 530.6000000238419,
        "domContentLoadedEventEnd": 530.6000000238419,
        "domComplete": 861.7000000476837,
        "loadEventStart": 861.7000000476837,
        "loadEventEnd": 861.7000000476837,
        "type": "navigate",
        "redirectCount": 0,
        "activationStart": 0,
        "criticalCHRestart": 0,
        "notRestoredReasons": null
      }
    }
  },
  "target": {
    "url": "http://localhost:3000/artifacts/pixelgen/run-2025-12-05T06-55-06-402Z/iteration-01/site/index.html",
    "label": "target",
    "screenshot": "target.png",
    "timing": {
      "loadTimeMs": 390.7999999523163,
      "domContentLoadedMs": 390.7999999523163,
      "responseEndMs": 1.1999999284744263,
      "raw": {
        "name": "http://localhost:3000/artifacts/pixelgen/run-2025-12-05T06-55-06-402Z/iteration-01/site/index.html",
        "entryType": "navigation",
        "startTime": 0,
        "duration": 390.7999999523163,
        "initiatorType": "navigation",
        "deliveryType": "",
        "nextHopProtocol": "http/1.1",
        "renderBlockingStatus": "non-blocking",
        "workerStart": 0,
        "workerRouterEvaluationStart": 0,
        "workerCacheLookupStart": 0,
        "workerMatchedSourceType": "",
        "workerFinalSourceType": "",
        "redirectStart": 0,
        "redirectEnd": 0,
        "fetchStart": 0,
        "domainLookupStart": 0.2999999523162842,
        "domainLookupEnd": 0.2999999523162842,
        "connectStart": 0.2999999523162842,
        "secureConnectionStart": 0,
        "connectEnd": 0.3999999761581421,
        "requestStart": 0.5,
        "responseStart": 1.0999999046325684,
        "firstInterimResponseStart": 0,
        "finalResponseHeadersStart": 1.0999999046325684,
        "responseEnd": 1.1999999284744263,
        "transferSize": 21893,
        "encodedBodySize": 21593,
        "decodedBodySize": 21593,
        "responseStatus": 200,
        "serverTiming": [],
        "unloadEventStart": 0,
        "unloadEventEnd": 0,
        "domInteractive": 154,
        "domContentLoadedEventStart": 390.7999999523163,
        "domContentLoadedEventEnd": 390.7999999523163,
        "domComplete": 390.7999999523163,
        "loadEventStart": 390.7999999523163,
        "loadEventEnd": 390.7999999523163,
        "type": "navigate",
        "redirectCount": 0,
        "activationStart": 0,
        "criticalCHRestart": 0,
        "notRestoredReasons": null
      }
    }
  },
  "diff": {
    "diffPixels": 2956762,
    "totalPixels": 7955200,
    "similarity": 0.6283233608205954,
    "diffImage": "diff.png"
  },
  "styleDiff": {
    "differences": []
  }
}