{
  "runId": "run-2025-12-05T07-16-59-113Z",
  "timestamps": {
    "generatedAt": "2025-12-05T07:17:14.988Z"
  },
  "outputDir": "artifacts/pixelgen/run-2025-12-05T06-55-06-402Z/iteration-00/desktop/run-2025-12-05T07-16-59-113Z",
  "base": {
    "url": "https://shop.kilrr.com/",
    "label": "base",
    "screenshot": "base.png",
    "timing": {
      "loadTimeMs": 936.2000000476837,
      "domContentLoadedMs": 581.5,
      "responseEndMs": 466.8000000715256,
      "raw": {
        "name": "https://shop.kilrr.com/",
        "entryType": "navigation",
        "startTime": 0,
        "duration": 936.2000000476837,
        "initiatorType": "navigation",
        "deliveryType": "",
        "nextHopProtocol": "http/1.1",
        "renderBlockingStatus": "non-blocking",
        "workerStart": 0,
        "workerRouterEvaluationStart": 0,
        "workerCacheLookupStart": 0,
        "workerMatchedSourceType": "",
        "workerFinalSourceType": "",
        "redirectStart": 0,
        "redirectEnd": 0,
        "fetchStart": 0,
        "domainLookupStart": 0.6000000238418579,
        "domainLookupEnd": 2,
        "connectStart": 2,
        "secureConnectionStart": 44.200000047683716,
        "connectEnd": 97.10000002384186,
        "requestStart": 97.10000002384186,
        "responseStart": 424.39999997615814,
        "firstInterimResponseStart": 0,
        "finalResponseHeadersStart": 424.39999997615814,
        "responseEnd": 466.8000000715256,
        "transferSize": 56631,
        "encodedBodySize": 56331,
        "decodedBodySize": 471829,
        "responseStatus": 200,
        "serverTiming": [],
        "unloadEventStart": 0,
        "unloadEventEnd": 0,
        "domInteractive": 581.5,
        "domContentLoadedEventStart": 581.5,
        "domContentLoadedEventEnd": 581.5,
        "domComplete": 936.1000000238419,
        "loadEventStart": 936.2000000476837,
        "loadEventEnd": 936.2000000476837,
        "type": "navigate",
        "redirectCount": 0,
        "activationStart": 0,
        "criticalCHRestart": 0,
        "notRestoredReasons": null
      }
    }
  },
  "target": {
    "url": "http://localhost:3000/artifacts/pixelgen/run-2025-12-05T06-55-06-402Z/iteration-00/site/index.html",
    "label": "target",
    "screenshot": "target.png",
    "timing": {
      "loadTimeMs": 380.8000000715256,
      "domContentLoadedMs": 380.8000000715256,
      "responseEndMs": 1.2000000476837158,
      "raw": {
        "name": "http://localhost:3000/artifacts/pixelgen/run-2025-12-05T06-55-06-402Z/iteration-00/site/index.html",
        "entryType": "navigation",
        "startTime": 0,
        "duration": 380.8000000715256,
        "initiatorType": "navigation",
        "deliveryType": "",
        "nextHopProtocol": "http/1.1",
        "renderBlockingStatus": "non-blocking",
        "workerStart": 0,
        "workerRouterEvaluationStart": 0,
        "workerCacheLookupStart": 0,
        "workerMatchedSourceType": "",
        "workerFinalSourceType": "",
        "redirectStart": 0,
        "redirectEnd": 0,
        "fetchStart": 0.10000002384185791,
        "domainLookupStart": 0.30000007152557373,
        "domainLookupEnd": 0.30000007152557373,
        "connectStart": 0.30000007152557373,
        "secureConnectionStart": 0,
        "connectEnd": 0.3999999761581421,
        "requestStart": 0.6000000238418579,
        "responseStart": 1.100000023841858,
        "firstInterimResponseStart": 0,
        "finalResponseHeadersStart": 1.100000023841858,
        "responseEnd": 1.2000000476837158,
        "transferSize": 21893,
        "encodedBodySize": 21593,
        "decodedBodySize": 21593,
        "responseStatus": 200,
        "serverTiming": [],
        "unloadEventStart": 0,
        "unloadEventEnd": 0,
        "domInteractive": 127.5,
        "domContentLoadedEventStart": 380.8000000715256,
        "domContentLoadedEventEnd": 380.8000000715256,
        "domComplete": 380.8000000715256,
        "loadEventStart": 380.8000000715256,
        "loadEventEnd": 380.8000000715256,
        "type": "navigate",
        "redirectCount": 0,
        "activationStart": 0,
        "criticalCHRestart": 0,
        "notRestoredReasons": null
      }
    }
  },
  "diff": {
    "diffPixels": 2958242,
    "totalPixels": 7955200,
    "similarity": 0.6281373189863234,
    "diffImage": "diff.png"
  },
  "styleDiff": {
    "differences": []
  }
}