{
  "runId": "run-2025-12-05T07-47-40-971Z",
  "timestamps": {
    "generatedAt": "2025-12-05T07:47:57.861Z"
  },
  "outputDir": "artifacts/pixelgen/run-2025-12-05T06-55-06-402Z/iteration-03/mobile/run-2025-12-05T07-47-40-971Z",
  "base": {
    "url": "https://shop.kilrr.com/",
    "label": "base",
    "screenshot": "base.png",
    "timing": {
      "loadTimeMs": 1161.5999999046326,
      "domContentLoadedMs": 759.6999999284744,
      "responseEndMs": 605.5,
      "raw": {
        "name": "https://shop.kilrr.com/",
        "entryType": "navigation",
        "startTime": 0,
        "duration": 1161.5999999046326,
        "initiatorType": "navigation",
        "deliveryType": "",
        "nextHopProtocol": "http/1.1",
        "renderBlockingStatus": "non-blocking",
        "workerStart": 0,
        "workerRouterEvaluationStart": 0,
        "workerCacheLookupStart": 0,
        "workerMatchedSourceType": "",
        "workerFinalSourceType": "",
        "redirectStart": 0,
        "redirectEnd": 0,
        "fetchStart": 0,
        "domainLookupStart": 0.5999999046325684,
        "domainLookupEnd": 2,
        "connectStart": 2,
        "secureConnectionStart": 47.299999952316284,
        "connectEnd": 118.19999992847443,
        "requestStart": 118.29999995231628,
        "responseStart": 557.7999999523163,
        "firstInterimResponseStart": 0,
        "finalResponseHeadersStart": 557.7999999523163,
        "responseEnd": 605.5,
        "transferSize": 56638,
        "encodedBodySize": 56338,
        "decodedBodySize": 471829,
        "responseStatus": 200,
        "serverTiming": [],
        "unloadEventStart": 0,
        "unloadEventEnd": 0,
        "domInteractive": 759.6999999284744,
        "domContentLoadedEventStart": 759.6999999284744,
        "domContentLoadedEventEnd": 759.6999999284744,
        "domComplete": 1161.5999999046326,
        "loadEventStart": 1161.5999999046326,
        "loadEventEnd": 1161.5999999046326,
        "type": "navigate",
        "redirectCount": 0,
        "activationStart": 0,
        "criticalCHRestart": 0,
        "notRestoredReasons": null
      }
    }
  },
  "target": {
    "url": "http://localhost:3000/artifacts/pixelgen/run-2025-12-05T06-55-06-402Z/iteration-03/site/index.html",
    "label": "target",
    "screenshot": "target.png",
    "timing": {
      "loadTimeMs": 507.1999999284744,
      "domContentLoadedMs": 507.1999999284744,
      "responseEndMs": 1.100000023841858,
      "raw": {
        "name": "http://localhost:3000/artifacts/pixelgen/run-2025-12-05T06-55-06-402Z/iteration-03/site/index.html",
        "entryType": "navigation",
        "startTime": 0,
        "duration": 507.1999999284744,
        "initiatorType": "navigation",
        "deliveryType": "",
        "nextHopProtocol": "http/1.1",
        "renderBlockingStatus": "non-blocking",
        "workerStart": 0,
        "workerRouterEvaluationStart": 0,
        "workerCacheLookupStart": 0,
        "workerMatchedSourceType": "",
        "workerFinalSourceType": "",
        "redirectStart": 0,
        "redirectEnd": 0,
        "fetchStart": 0,
        "domainLookupStart": 0.2999999523162842,
        "domainLookupEnd": 0.2999999523162842,
        "connectStart": 0.2999999523162842,
        "secureConnectionStart": 0,
        "connectEnd": 0.3999999761581421,
        "requestStart": 0.3999999761581421,
        "responseStart": 1,
        "firstInterimResponseStart": 0,
        "finalResponseHeadersStart": 1,
        "responseEnd": 1.100000023841858,
        "transferSize": 21735,
        "encodedBodySize": 21435,
        "decodedBodySize": 21435,
        "responseStatus": 200,
        "serverTiming": [],
        "unloadEventStart": 0,
        "unloadEventEnd": 0,
        "domInteractive": 158,
        "domContentLoadedEventStart": 507.1999999284744,
        "domContentLoadedEventEnd": 507.1999999284744,
        "domComplete": 507.1999999284744,
        "loadEventStart": 507.1999999284744,
        "loadEventEnd": 507.1999999284744,
        "type": "navigate",
        "redirectCount": 0,
        "activationStart": 0,
        "criticalCHRestart": 0,
        "notRestoredReasons": null
      }
    }
  },
  "diff": {
    "diffPixels": 4789110,
    "totalPixels": 9336000,
    "similarity": 0.48702763496143964,
    "diffImage": "diff.png"
  },
  "styleDiff": {
    "differences": []
  }
}