{
  "jobId": "run-2025-12-05T06-55-06-402Z",
  "artifactsUrl": "https://fatjgrpbswalyrewntnn.supabase.co/storage/v1/object/public/artifacts/pixelgen/run-2025-12-05T06-55-06-402Z",
  "iterations": [
    {
      "i": 0,
      "similarities": {
        "desktop": 0.2951745948446006
      },
      "localUrl": "http://localhost:3000/artifacts/pixelgen/run-2025-12-05T06-55-06-402Z/iteration-00/site/index.html"
    },
    {
      "i": 1,
      "similarities": {
        "desktop": 0.29496561985460873
      },
      "localUrl": "http://localhost:3000/artifacts/pixelgen/run-2025-12-05T06-55-06-402Z/iteration-01/site/index.html"
    },
    {
      "i": 2,
      "similarities": {
        "desktop": 0.4705712296045268
      },
      "localUrl": "http://localhost:3000/artifacts/pixelgen/run-2025-12-05T06-55-06-402Z/iteration-02/site/index.html"
    },
    {
      "i": 3,
      "similarities": {
        "mobile": 0.25073986131150355
      },
      "localUrl": "http://localhost:3000/artifacts/pixelgen/run-2025-12-05T06-55-06-402Z/iteration-03/site/index.html"
    }
  ],
  "finalLocalUrl": "http://localhost:3000/artifacts/pixelgen/run-2025-12-05T06-55-06-402Z/iteration-03/site/index.html",
  "stopReason": "Max iterations reached"
}